[
    {
        "name": "Abu Dhabi",
        "country": "United Arab Emirates",
        "code": "ae",
        "latitude": 24.4539,
        "longitude": 54.3773
    },
    {
        "name": "Abuja",
        "country": "Nigeria",
        "code": "ng",
        "latitude": 9.0579,
        "longitude": 7.4951
    },
    {
        "name": "Accra",
        "country": "Ghana",
        "code": "gh",
        "latitude": 5.5600,
        "longitude": -0.2057
    },
    {
        "name": "Addis Ababa",
        "country": "Ethiopia",
        "code": "et",
        "latitude": 9.0320,
        "longitude": 38.7465
    },
    {
        "name": "Algiers",
        "country": "Algeria",
        "code": "dz",
        "latitude": 36.7372,
        "longitude": 3.0865
    },
    {
        "name": "Amman",
        "country": "Jordan",
        "code": "jo",
        "latitude": 31.9497,
        "longitude": 35.9325
    },
    {
        "name": "Amsterdam",
        "country": "Netherlands",
        "code": "nl",
        "latitude": 52.3676,
        "longitude": 4.9041
    },
    {
        "name": "Andorra la Vella",
        "country": "Andorra",
        "code": "ad",
        "latitude": 42.5063,
        "longitude": 1.5218
    },
    {
        "name": "Ankara",
        "country": "Turkey",
        "code": "tr",
        "latitude": 39.9334,
        "longitude": 32.8597
    },
    {
        "name": "Antananarivo",
        "country": "Madagascar",
        "code": "mg",
        "latitude": -18.8792,
        "longitude": 47.5079
    },
    {
        "name": "Apia",
        "country": "Samoa",
        "code": "ws",
        "latitude": -13.8339,
        "longitude": -171.7691
    },
    {
        "name": "Ashgabat",
        "country": "Turkmenistan",
        "code": "tm",
        "latitude": 37.9601,
        "longitude": 58.3252
    },
    {
        "name": "Asmara",
        "country": "Eritrea",
        "code": "er",
        "latitude": 15.3229,
        "longitude": 38.9251
    },
    {
        "name": "Astana",
        "country": "Kazakhstan",
        "code": "kz",
        "latitude": 51.1694,
        "longitude": 71.4491
    },
    {
        "name": "Asuncion",
        "country": "Paraguay",
        "code": "py",
        "latitude": -25.2637,
        "longitude": -57.5759
    },
    {
        "name": "Athens",
        "country": "Greece",
        "code": "gr",
        "latitude": 37.9838,
        "longitude": 23.7275
    },
    {
        "name": "Avarua",
        "country": "Cook Islands",
        "code": "ck",
        "latitude": -21.2075,
        "longitude": -159.7711
    },
    {
        "name": "Baghdad",
        "country": "Iraq",
        "code": "iq",
        "latitude": 33.3152,
        "longitude": 44.3661
    },
    {
        "name": "Baku",
        "country": "Azerbaijan",
        "code": "az",
        "latitude": 40.4093,
        "longitude": 49.8671
    },
    {
        "name": "Bamako",
        "country": "Mali",
        "code": "ml",
        "latitude": 12.6392,
        "longitude": -8.0029
    },
    {
        "name": "Bandar Seri Begawan",
        "country": "Brunei",
        "code": "bn",
        "latitude": 4.9031,
        "longitude": 114.9399
    },
    {
        "name": "Bangkok",
        "country": "Thailand",
        "code": "th",
        "latitude": 13.7563,
        "longitude": 100.5018
    },
    {
        "name": "Bangui",
        "country": "Central African Republic",
        "code": "cf",
        "latitude": 4.3947,
        "longitude": 18.5582
    },
    {
        "name": "Banjul",
        "country": "Gambia",
        "code": "gm",
        "latitude": 13.4549,
        "longitude": -16.5790
    },
    {
        "name": "Basseterre",
        "country": "Saint Kitts and Nevis",
        "code": "kn",
        "latitude": 17.3026,
        "longitude": -62.7177
    },
    {
        "name": "Beijing",
        "country": "China",
        "code": "cn",
        "latitude": 39.9042,
        "longitude": 116.4074
    },
    {
        "name": "Beirut",
        "country": "Lebanon",
        "code": "lb",
        "latitude": 33.8938,
        "longitude": 35.5018
    },
    {
        "name": "Belgrade",
        "country": "Serbia",
        "code": "rs",
        "latitude": 44.7866,
        "longitude": 20.4489
    },
    {
        "name": "Belmopan",
        "country": "Belize",
        "code": "bz",
        "latitude": 17.2510,
        "longitude": -88.7590
    },
    {
        "name": "Berlin",
        "country": "Germany",
        "code": "de",
        "latitude": 52.5200,
        "longitude": 13.4050
    },
    {
        "name": "Bern",
        "country": "Switzerland",
        "code": "ch",
        "latitude": 46.9480,
        "longitude": 7.4474
    },
    {
        "name": "Bishkek",
        "country": "Kyrgyzstan",
        "code": "kg",
        "latitude": 42.8746,
        "longitude": 74.5698
    },
    {
        "name": "Bissau",
        "country": "Guinea-Bissau",
        "code": "gw",
        "latitude": 11.8635,
        "longitude": -15.5977
    },
    {
        "name": "Bogota",
        "country": "Colombia",
        "code": "co",
        "latitude": 4.7109,
        "longitude": -74.0721
    },
    {
        "name": "Brasilia",
        "country": "Brazil",
        "code": "br",
        "latitude": -15.7942,
        "longitude": -47.8822
    },
    {
        "name": "Bratislava",
        "country": "Slovakia",
        "code": "sk",
        "latitude": 48.1486,
        "longitude": 17.1077
    },
    {
        "name": "Brazzaville",
        "country": "Republic of the Congo",
        "code": "cg",
        "latitude": -4.2634,
        "longitude": 15.2429
    },
    {
        "name": "Bridgetown",
        "country": "Barbados",
        "code": "bb",
        "latitude": 13.0969,
        "longitude": -59.6145
    },
    {
        "name": "Brussels",
        "country": "Belgium",
        "code": "be",
        "latitude": 50.8503,
        "longitude": 4.3517
    },
    {
        "name": "Bucharest",
        "country": "Romania",
        "code": "ro",
        "latitude": 44.4268,
        "longitude": 26.1025
    },
    {
        "name": "Budapest",
        "country": "Hungary",
        "code": "hu",
        "latitude": 47.4979,
        "longitude": 19.0402
    },
    {
        "name": "Buenos Aires",
        "country": "Argentina",
        "code": "ar",
        "latitude": -34.6118,
        "longitude": -58.4173
    },
    {
        "name": "Bujumbura",
        "country": "Burundi",
        "code": "bi",
        "latitude": -3.3818,
        "longitude": 29.3622
    },
    {
        "name": "Cairo",
        "country": "Egypt",
        "code": "eg",
        "latitude": 30.0444,
        "longitude": 31.2357
    },
    {
        "name": "Canberra",
        "country": "Australia",
        "code": "au",
        "latitude": -35.2809,
        "longitude": 149.1300
    },
    {
        "name": "Caracas",
        "country": "Venezuela",
        "code": "ve",
        "latitude": 10.4806,
        "longitude": -66.9036
    },
    {
        "name": "Castries",
        "country": "Saint Lucia",
        "code": "lc",
        "latitude": 14.0101,
        "longitude": -60.9875
    },
    {
        "name": "Chisinau",
        "country": "Moldova",
        "code": "md",
        "latitude": 47.0167,
        "longitude": 28.8497
    },
    {
        "name": "Colombo",
        "country": "Sri Lanka",
        "code": "lk",
        "latitude": 6.9271,
        "longitude": 79.8612
    },
    {
        "name": "Conakry",
        "country": "Guinea",
        "code": "gn",
        "latitude": 9.6412,
        "longitude": -13.5784
    },
    {
        "name": "Copenhagen",
        "country": "Denmark",
        "code": "dk",
        "latitude": 55.6761,
        "longitude": 12.5683
    },
    {
        "name": "Dakar",
        "country": "Senegal",
        "code": "sn",
        "latitude": 14.6928,
        "longitude": -17.4467
    },
    {
        "name": "Damascus",
        "country": "Syria",
        "code": "sy",
        "latitude": 33.5138,
        "longitude": 36.2765
    },
    {
        "name": "Dhaka",
        "country": "Bangladesh",
        "code": "bd",
        "latitude": 23.8103,
        "longitude": 90.4125
    },
    {
        "name": "Dili",
        "country": "Timor-Leste",
        "code": "tl",
        "latitude": -8.5569,
        "longitude": 125.5604
    },
    {
        "name": "Djibouti",
        "country": "Djibouti",
        "code": "dj",
        "latitude": 11.5884,
        "longitude": 43.1450
    },
    {
        "name": "Dodoma",
        "country": "Tanzania",
        "code": "tz",
        "latitude": -6.1630,
        "longitude": 35.7516
    },
    {
        "name": "Doha",
        "country": "Qatar",
        "code": "qa",
        "latitude": 25.2769,
        "longitude": 51.5200
    },
    {
        "name": "Douglas",
        "country": "Isle of Man",
        "code": "im",
        "latitude": 54.2361,
        "longitude": -4.5481
    },
    {
        "name": "Dublin",
        "country": "Ireland",
        "code": "ie",
        "latitude": 53.3498,
        "longitude": -6.2603
    },
    {
        "name": "Dushanbe",
        "country": "Tajikistan",
        "code": "tj",
        "latitude": 38.5737,
        "longitude": 68.7738
    },
    {
        "name": "Edinburgh",
        "country": "Scotland",
        "code": "gb",
        "latitude": 55.9533,
        "longitude": -3.1883
    },
    {
        "name": "El Aaiun",
        "country": "Western Sahara",
        "code": "eh",
        "latitude": 27.1536,
        "longitude": -13.2033
    },
    {
        "name": "Episkopi Cantonment",
        "country": "Cyprus",
        "code": "cy",
        "latitude": 34.6831,
        "longitude": 32.8909
    },
    {
        "name": "Erevan",
        "country": "Armenia",
        "code": "am",
        "latitude": 40.1872,
        "longitude": 44.5152
    },
    {
        "name": "Freetown",
        "country": "Sierra Leone",
        "code": "sl",
        "latitude": 8.4653,
        "longitude": -13.2317
    },
    {
        "name": "Funafuti",
        "country": "Tuvalu",
        "code": "tv",
        "latitude": -7.1095,
        "longitude": 177.6493
    },
    {
        "name": "Gaborone",
        "country": "Botswana",
        "code": "bw",
        "latitude": -24.6541,
        "longitude": 25.9087
    },
    {
        "name": "George Town",
        "country": "Cayman Islands",
        "code": "ky",
        "latitude": 19.3022,
        "longitude": -81.3860
    },
    {
        "name": "Georgetown",
        "country": "Guyana",
        "code": "gy",
        "latitude": 6.8013,
        "longitude": -58.1551
    },
    {
        "name": "Gibraltar",
        "country": "Gibraltar",
        "code": "gi",
        "latitude": 36.1377,
        "longitude": -5.3453
    },
    {
        "name": "Guatemala City",
        "country": "Guatemala",
        "code": "gt",
        "latitude": 14.6349,
        "longitude": -90.5069
    },
    {
        "name": "Hagatna",
        "country": "Guam",
        "code": "gu",
        "latitude": 13.4767,
        "longitude": 144.7516
    },
    {
        "name": "Hamilton",
        "country": "Bermuda",
        "code": "bm",
        "latitude": 32.2949,
        "longitude": -64.7839
    },
    {
        "name": "Hanoi",
        "country": "Vietnam",
        "code": "vn",
        "latitude": 21.0285,
        "longitude": 105.8542
    },
    {
        "name": "Harare",
        "country": "Zimbabwe",
        "code": "zw",
        "latitude": -17.8292,
        "longitude": 31.0522
    },
    {
        "name": "Helsinki",
        "country": "Finland",
        "code": "fi",
        "latitude": 60.1695,
        "longitude": 24.9354
    },
    {
        "name": "Honiara",
        "country": "Solomon Islands",
        "code": "sb",
        "latitude": -9.4331,
        "longitude": 159.9498
    },
    {
        "name": "Islamabad",
        "country": "Pakistan",
        "code": "pk",
        "latitude": 33.6844,
        "longitude": 73.0479
    },
    {
        "name": "Jakarta",
        "country": "Indonesia",
        "code": "id",
        "latitude": -6.2088,
        "longitude": 106.8456
    },
    {
        "name": "Jamestown",
        "country": "Saint Helena",
        "code": "sh",
        "latitude": -15.9384,
        "longitude": -5.7161
    },
    {
        "name": "Jerusalem",
        "country": "Israel",
        "code": "il",
        "latitude": 31.7683,
        "longitude": 35.2137
    },
    {
        "name": "Kabul",
        "country": "Afghanistan",
        "code": "af",
        "latitude": 34.5553,
        "longitude": 69.2075
    },
    {
        "name": "Kampala",
        "country": "Uganda",
        "code": "ug",
        "latitude": 0.3136,
        "longitude": 32.5811
    },
    {
        "name": "Kathmandu",
        "country": "Nepal",
        "code": "np",
        "latitude": 27.7172,
        "longitude": 85.3240
    },
    {
        "name": "Khartoum",
        "country": "Sudan",
        "code": "sd",
        "latitude": 15.5007,
        "longitude": 32.5599
    },
    {
        "name": "Kiev",
        "country": "Ukraine",
        "code": "ua",
        "latitude": 50.4501,
        "longitude": 30.5234
    },
    {
        "name": "Kigali",
        "country": "Rwanda",
        "code": "rw",
        "latitude": -1.9499,
        "longitude": 30.0589
    },
    {
        "name": "Kingston",
        "country": "Jamaica",
        "code": "jm",
        "latitude": 17.9927,
        "longitude": -76.7920
    },
    {
        "name": "Kinshasa",
        "country": "Democratic Republic of the Congo",
        "code": "cd",
        "latitude": -4.3250,
        "longitude": 15.3222
    },
    {
        "name": "Kuala Lumpur",
        "country": "Malaysia",
        "code": "my",
        "latitude": 3.1390,
        "longitude": 101.6869
    },
    {
        "name": "Kuwait City",
        "country": "Kuwait",
        "code": "kw",
        "latitude": 29.3759,
        "longitude": 47.9774
    },
    {
        "name": "Libreville",
        "country": "Gabon",
        "code": "ga",
        "latitude": 0.4162,
        "longitude": 9.4673
    },
    {
        "name": "Lilongwe",
        "country": "Malawi",
        "code": "mw",
        "latitude": -13.9626,
        "longitude": 33.7741
    },
    {
        "name": "Lima",
        "country": "Peru",
        "code": "pe",
        "latitude": -12.0464,
        "longitude": -77.0428
    },
    {
        "name": "Lisbon",
        "country": "Portugal",
        "code": "pt",
        "latitude": 38.7223,
        "longitude": -9.1393
    },
    {
        "name": "Ljubljana",
        "country": "Slovenia",
        "code": "si",
        "latitude": 46.0569,
        "longitude": 14.5058
    },
    {
        "name": "Lobamba",
        "country": "Eswatini",
        "code": "sz",
        "latitude": -26.4694,
        "longitude": 31.2035
    },
    {
        "name": "Lome",
        "country": "Togo",
        "code": "tg",
        "latitude": 6.1228,
        "longitude": 1.2255
    },
    {
        "name": "London",
        "country": "United Kingdom",
        "code": "gb",
        "latitude": 51.5074,
        "longitude": -0.1278
    },
    {
        "name": "Luanda",
        "country": "Angola",
        "code": "ao",
        "latitude": -8.8137,
        "longitude": 13.2410
    },
    {
        "name": "Lusaka",
        "country": "Zambia",
        "code": "zm",
        "latitude": -15.3875,
        "longitude": 28.3228
    },
    {
        "name": "Luxembourg",
        "country": "Luxembourg",
        "code": "lu",
        "latitude": 49.6117,
        "longitude": 6.1300
    },
    {
        "name": "Madrid",
        "country": "Spain",
        "code": "es",
        "latitude": 40.4168,
        "longitude": -3.7038
    },
    {
        "name": "Majuro",
        "country": "Marshall Islands",
        "code": "mh",
        "latitude": 7.0897,
        "longitude": 171.3802
    },
    {
        "name": "Malabo",
        "country": "Equatorial Guinea",
        "code": "gq",
        "latitude": 3.7506,
        "longitude": 8.7371
    },
    {
        "name": "Male",
        "country": "Maldives",
        "code": "mv",
        "latitude": 4.1755,
        "longitude": 73.5093
    },
    {
        "name": "Managua",
        "country": "Nicaragua",
        "code": "ni",
        "latitude": 12.1149,
        "longitude": -86.2362
    },
    {
        "name": "Manama",
        "country": "Bahrain",
        "code": "bh",
        "latitude": 26.2285,
        "longitude": 50.5860
    },
    {
        "name": "Manila",
        "country": "Philippines",
        "code": "ph",
        "latitude": 14.5995,
        "longitude": 120.9842
    },
    {
        "name": "Maputo",
        "country": "Mozambique",
        "code": "mz",
        "latitude": -25.9655,
        "longitude": 32.5832
    },
    {
        "name": "Mariehamn",
        "country": "Aland Islands",
        "code": "ax",
        "latitude": 60.0974,
        "longitude": 19.9348
    },
    {
        "name": "Maseru",
        "country": "Lesotho",
        "code": "ls",
        "latitude": -29.2976,
        "longitude": 27.4854
    },
    {
        "name": "Mata-Utu",
        "country": "Wallis and Futuna",
        "code": "wf",
        "latitude": -13.2816,
        "longitude": -176.1752
    },
    {
        "name": "Mbabane",
        "country": "Eswatini",
        "code": "sz",
        "latitude": -26.3186,
        "longitude": 31.1410
    },
    {
        "name": "Melekeok",
        "country": "Palau",
        "code": "pw",
        "latitude": 7.5005,
        "longitude": 134.6234
    },
    {
        "name": "Mexico City",
        "country": "Mexico",
        "code": "mx",
        "latitude": 19.4326,
        "longitude": -99.1332
    },
    {
        "name": "Minsk",
        "country": "Belarus",
        "code": "by",
        "latitude": 53.9045,
        "longitude": 27.5615
    },
    {
        "name": "Mogadishu",
        "country": "Somalia",
        "code": "so",
        "latitude": 2.0469,
        "longitude": 45.3182
    },
    {
        "name": "Monaco",
        "country": "Monaco",
        "code": "mc",
        "latitude": 43.7384,
        "longitude": 7.4246
    },
    {
        "name": "Monrovia",
        "country": "Liberia",
        "code": "lr",
        "latitude": 6.2907,
        "longitude": -10.7605
    },
    {
        "name": "Montevideo",
        "country": "Uruguay",
        "code": "uy",
        "latitude": -34.9011,
        "longitude": -56.1645
    },
    {
        "name": "Moroni",
        "country": "Comoros",
        "code": "km",
        "latitude": -11.7022,
        "longitude": 43.2551
    },
    {
        "name": "Moscow",
        "country": "Russia",
        "code": "ru",
        "latitude": 55.7558,
        "longitude": 37.6173
    },
    {
        "name": "Muscat",
        "country": "Oman",
        "code": "om",
        "latitude": 23.6105,
        "longitude": 58.5400
    },
    {
        "name": "Nairobi",
        "country": "Kenya",
        "code": "ke",
        "latitude": -1.2921,
        "longitude": 36.8219
    },
    {
        "name": "Nassau",
        "country": "Bahamas",
        "code": "bs",
        "latitude": 25.0343,
        "longitude": -77.3963
    },
    {
        "name": "Naypyidaw",
        "country": "Myanmar",
        "code": "mm",
        "latitude": 19.7633,
        "longitude": 96.0785
    },
    {
        "name": "N'Djamena",
        "country": "Chad",
        "code": "td",
        "latitude": 12.1348,
        "longitude": 15.0557
    },
    {
        "name": "New Delhi",
        "country": "India",
        "code": "in",
        "latitude": 28.6139,
        "longitude": 77.2090
    },
    {
        "name": "Niamey",
        "country": "Niger",
        "code": "ne",
        "latitude": 13.5127,
        "longitude": 2.1128
    },
    {
        "name": "Nicosia",
        "country": "Cyprus",
        "code": "cy",
        "latitude": 35.1856,
        "longitude": 33.3823
    },
    {
        "name": "Nouakchott",
        "country": "Mauritania",
        "code": "mr",
        "latitude": 18.0791,
        "longitude": -15.9785
    },
    {
        "name": "Noumea",
        "country": "New Caledonia",
        "code": "nc",
        "latitude": -22.2758,
        "longitude": 166.4580
    },
    {
        "name": "Oslo",
        "country": "Norway",
        "code": "no",
        "latitude": 59.9139,
        "longitude": 10.7522
    },
    {
        "name": "Ottawa",
        "country": "Canada",
        "code": "ca",
        "latitude": 45.4215,
        "longitude": -75.6972
    },
    {
        "name": "Ouagadougou",
        "country": "Burkina Faso",
        "code": "bf",
        "latitude": 12.3657,
        "longitude": -1.5339
    },
    {
        "name": "Palikir",
        "country": "Micronesia",
        "code": "fm",
        "latitude": 6.9249,
        "longitude": 158.1610
    },
    {
        "name": "Panama City",
        "country": "Panama",
        "code": "pa",
        "latitude": 8.9824,
        "longitude": -79.5199
    },
    {
        "name": "Papeete",
        "country": "French Polynesia",
        "code": "pf",
        "latitude": -17.5350,
        "longitude": -149.5690
    },
    {
        "name": "Paramaribo",
        "country": "Suriname",
        "code": "sr",
        "latitude": 5.8664,
        "longitude": -55.1679
    },
    {
        "name": "Paris",
        "country": "France",
        "code": "fr",
        "latitude": 48.8566,
        "longitude": 2.3522
    },
    {
        "name": "Phnom Penh",
        "country": "Cambodia",
        "code": "kh",
        "latitude": 11.5564,
        "longitude": 104.9282
    },
    {
        "name": "Podgorica",
        "country": "Montenegro",
        "code": "me",
        "latitude": 42.4304,
        "longitude": 19.2594
    },
    {
        "name": "Port Louis",
        "country": "Mauritius",
        "code": "mu",
        "latitude": -20.1619,
        "longitude": 57.4989
    },
    {
        "name": "Port Moresby",
        "country": "Papua New Guinea",
        "code": "pg",
        "latitude": -9.4780,
        "longitude": 147.1500
    },
    {
        "name": "Port of Spain",
        "country": "Trinidad and Tobago",
        "code": "tt",
        "latitude": 10.6604,
        "longitude": -61.5170
    },
    {
        "name": "Port Vila",
        "country": "Vanuatu",
        "code": "vu",
        "latitude": -17.7333,
        "longitude": 168.3273
    },
    {
        "name": "Port-au-Prince",
        "country": "Haiti",
        "code": "ht",
        "latitude": 18.5944,
        "longitude": -72.3074
    },
    {
        "name": "Porto-Novo",
        "country": "Benin",
        "code": "bj",
        "latitude": 6.4965,
        "longitude": 2.6283
    },
    {
        "name": "Prague",
        "country": "Czech Republic",
        "code": "cz",
        "latitude": 50.0755,
        "longitude": 14.4378
    },
    {
        "name": "Praia",
        "country": "Cabo Verde",
        "code": "cv",
        "latitude": 14.9320,
        "longitude": -23.5125
    },
    {
        "name": "Pyongyang",
        "country": "North Korea",
        "code": "kp",
        "latitude": 39.0392,
        "longitude": 125.7625
    },
    {
        "name": "Quito",
        "country": "Ecuador",
        "code": "ec",
        "latitude": -0.2295,
        "longitude": -78.5243
    },
    {
        "name": "Rabat",
        "country": "Morocco",
        "code": "ma",
        "latitude": 34.0209,
        "longitude": -6.8417
    },
    {
        "name": "Reykjavik",
        "country": "Iceland",
        "code": "is",
        "latitude": 64.1265,
        "longitude": -21.8174
    },
    {
        "name": "Riga",
        "country": "Latvia",
        "code": "lv",
        "latitude": 56.9496,
        "longitude": 24.1052
    },
    {
        "name": "Riyadh",
        "country": "Saudi Arabia",
        "code": "sa",
        "latitude": 24.7136,
        "longitude": 46.6753
    },
    {
        "name": "Rome",
        "country": "Italy",
        "code": "it",
        "latitude": 41.9028,
        "longitude": 12.4964
    },
    {
        "name": "Roseau",
        "country": "Dominica",
        "code": "dm",
        "latitude": 15.3010,
        "longitude": -61.3886
    },
    {
        "name": "San Jose",
        "country": "Costa Rica",
        "code": "cr",
        "latitude": 9.9281,
        "longitude": -84.0907
    },
    {
        "name": "San Marino",
        "country": "San Marino",
        "code": "sm",
        "latitude": 43.9424,
        "longitude": 12.4578
    },
    {
        "name": "San Juan",
        "country": "Puerto Rico",
        "code": "pr",
        "latitude": 18.4655,
        "longitude": -66.1057
    },
    {
        "name": "Sana'a",
        "country": "Yemen",
        "code": "ye",
        "latitude": 15.3694,
        "longitude": 44.1910
    },
    {
        "name": "San Salvador",
        "country": "El Salvador",
        "code": "sv",
        "latitude": 13.6929,
        "longitude": -89.2182
    },
    {
        "name": "Santo Domingo",
        "country": "Dominican Republic",
        "code": "do",
        "latitude": 18.4861,
        "longitude": -69.9312
    },
    {
        "name": "Sao Tome",
        "country": "Sao Tome and Principe",
        "code": "st",
        "latitude": 0.1864,
        "longitude": 6.6131
    },
    {
        "name": "Sarajevo",
        "country": "Bosnia and Herzegovina",
        "code": "ba",
        "latitude": 43.8563,
        "longitude": 18.4131
    },
    {
        "name": "Seoul",
        "country": "South Korea",
        "code": "kr",
        "latitude": 37.5665,
        "longitude": 126.9780
    },
    {
        "name": "Singapore",
        "country": "Singapore",
        "code": "sg",
        "latitude": 1.3521,
        "longitude": 103.8198
    },
    {
        "name": "Sofia",
        "country": "Bulgaria",
        "code": "bg",
        "latitude": 42.6977,
        "longitude": 23.3219
    },
    {
        "name": "St George's",
        "country": "Grenada",
        "code": "gd",
        "latitude": 12.0567,
        "longitude": -61.7489
    },
    {
        "name": "St John's",
        "country": "Antigua and Barbuda",
        "code": "ag",
        "latitude": 17.1176,
        "longitude": -61.8466
    },
    {
        "name": "St Pierre",
        "country": "Saint Pierre and Miquelon",
        "code": "pm",
        "latitude": 46.7875,
        "longitude": -56.1750
    },
    {
        "name": "Stanley",
        "country": "Falkland Islands",
        "code": "pm",
        "latitude": -51.6948,
        "longitude": -57.8520
    },
    {
        "name": "Stockholm",
        "country": "Sweden",
        "code": "se",
        "latitude": 59.3293,
        "longitude": 18.0686
    },
    {
        "name": "Sucre",
        "country": "Bolivia",
        "code": "bo",
        "latitude": -19.0333,
        "longitude": -65.2627
    },
    {
        "name": "Suva",
        "country": "Fiji",
        "code": "fj",
        "latitude": -18.1248,
        "longitude": 178.4501
    },
    {
        "name": "Tallinn",
        "country": "Estonia",
        "code": "ee",
        "latitude": 59.4370,
        "longitude": 24.7536
    },
    {
        "name": "Tarawa",
        "country": "Kiribati",
        "code": "ki",
        "latitude": 1.3270,
        "longitude": 172.9769
    },
    {
        "name": "Tashkent",
        "country": "Uzbekistan",
        "code": "uz",
        "latitude": 41.2995,
        "longitude": 69.2401
    },
    {
        "name": "Tbilisi",
        "country": "Georgia",
        "code": "ge",
        "latitude": 41.7151,
        "longitude": 44.8271
    },
    {
        "name": "Tegucigalpa",
        "country": "Honduras",
        "code": "hn",
        "latitude": 14.0723,
        "longitude": -87.1810
    },
    {
        "name": "Tehran",
        "country": "Iran",
        "code": "ir",
        "latitude": 35.6895,
        "longitude": 51.3767
    },
    {
        "name": "Thimphu",
        "country": "Bhutan",
        "code": "bt",
        "latitude": 27.4728,
        "longitude": 89.6390
    },
    {
        "name": "Tirana",
        "country": "Albania",
        "code": "al",
        "latitude": 41.3275,
        "longitude": 19.8187
    },
    {
        "name": "Tokyo",
        "country": "Japan",
        "code": "jp",
        "latitude": 35.6895,
        "longitude": 139.6917
    },
    {
        "name": "Taipei",
        "country": "Taiwan",
        "code": "tw",
        "latitude": 25.0330,
        "longitude": 121.5654
    },
    {
        "name": "Tripoli",
        "country": "Libya",
        "code": "ly",
        "latitude": 32.8872,
        "longitude": 13.1913
    },
    {
        "name": "Tunis",
        "country": "Tunisia",
        "code": "tn",
        "latitude": 36.8065,
        "longitude": 10.1815
    },
    {
        "name": "Ulaanbaatar",
        "country": "Mongolia",
        "code": "mn",
        "latitude": 47.9183,
        "longitude": 106.9176
    },
    {
        "name": "Valletta",
        "country": "Malta",
        "code": "mt",
        "latitude": 35.8989,
        "longitude": 14.5146
    },
    {
        "name": "Vaduz",
        "country": "Liechtenstein",
        "code": "li",
        "latitude": 47.1410,
        "longitude": 9.5215
    },
    {
        "name": "Vatican City",
        "country": "Vatican City",
        "code": "va",
        "latitude": 41.9029,
        "longitude": 12.4534
    },
    {
        "name": "Victoria",
        "country": "Seychelles",
        "code": "sc",
        "latitude": -4.6191,
        "longitude": 55.4518
    },
    {
        "name": "Vienna",
        "country": "Austria",
        "code": "at",
        "latitude": 48.2082,
        "longitude": 16.3738
    },
    {
        "name": "Vientiane",
        "country": "Laos",
        "code": "la",
        "latitude": 17.9667,
        "longitude": 102.6000
    },
    {
        "name": "Vilnius",
        "country": "Lithuania",
        "code": "lt",
        "latitude": 54.6872,
        "longitude": 25.2797
    },
    {
        "name": "Warsaw",
        "country": "Poland",
        "code": "pl",
        "latitude": 52.2297,
        "longitude": 21.0122
    },
    {
        "name": "Washington, D.C.",
        "country": "United States of America",
        "code": "us",
        "latitude": 38.8951,
        "longitude": -77.0364
    },
    {
        "name": "Wellington",
        "country": "New Zealand",
        "code": "nz",
        "latitude": -41.2865,
        "longitude": 174.7762
    },
    {
        "name": "Windhoek",
        "country": "Namibia",
        "code": "na",
        "latitude": -22.5597,
        "longitude": 17.0832
    },
    {
        "name": "Yaoundé",
        "country": "Cameroon",
        "code": "cm",
        "latitude": 3.848,
        "longitude": 11.5021
    },
    {
        "name": "Yerevan",
        "country": "Armenia",
        "code": "am",
        "latitude": 40.1792,
        "longitude": 44.4991
    },
    {
        "name": "Yaren",
        "country": "Nauru",
        "code": "nr",
        "latitude": -0.5477,
        "longitude": 166.9209
    },
    {
        "name": "Zagreb",
        "country": "Croatia",
        "code": "hr",
        "latitude": 45.8150,
        "longitude": 15.9819
    }
]